ineffective_index,ciphertext
1,C1B247AED0FCDEBC
2,20F1FBB6BB11CD41
3,27C5D534EF6B157E
4,476183F3DC7BFA04
5,932885601B983B46
6,9BF45E9EE3AC596C
7,169E140ABA8B74A7
8,12FE84FC14272118
9,43BBB054F9EA6C7D
10,283BB46F0DF48550
11,0F763763759C91AD
12,D9A54B7A36039D97
13,96C23BD139878333
14,BA2D2660F6D9D853
15,081D0BA45AD8B82D
16,AAB900528DEDE28E
17,AE0BFA3B2D5B911A
18,6C07206C67CB1322
19,8AE69BBEB1752120
20,EC4AC9EAF0454484
21,0FF2A4E7A0299493
22,F34A9D2AF6625643
23,F607D541228DDB48
24,2AAD4707BFFEF1A6
25,4AD09FFD2C868F3B
26,8B69EB0922089BEF
27,F93E6E9E5F30DA93
28,C2BB73CED16CCE43
29,981EDA9C4094745F
30,6C85749E02923F6A
31,0E1BCCEAE4404F70
32,625A0E0760B92677
33,E39C78462AAE9C61
34,86D25D60FA579DF5
35,DBAA578116C31B98
36,A858A12BB7CC98B8
37,64564E4019D50EAE
38,C5F93568847D17C6
39,72F6B95DA18668B1
40,AEA9A7ABD088E6C6
41,5A3DC0B208A7E719
42,11CE6815E46F4278
43,4F7E8B329BCEA3C5
44,D1D1580E038E29A5
45,BAD4DD2FC6CF8028
46,294AEC3F75BE5E37
47,33D2F4E9CCD280B4
48,25E081561EAFD10F
49,F2D8E72DE742DE83
50,7191F1EE6695BBD7
51,42BFCA95B0D77E02
52,B57918BBCFD2666B
53,9B6E1E574C93DB9D
54,F453F6D2F4037001
55,FFF52A11532090C3
56,99553D879BE21997
57,DD1622890744701A
58,73A514E46AD85B55
59,F47A1ACC118DC813
60,B533E4D4704250B3
61,A2ECFA2D339B02AD
62,92E716C234F1D0AC
63,79B5E225C2EC7A0C
64,7548D1680B259111
65,25C7CFEECA2CF40B
66,C063B4806CA78EAF
67,9E325F3FCB42F623
68,E5727AC440574596
69,DC487696EBB8A514
70,8BD815EAB00D820E
71,EE98396A45A505ED
72,CF03E1D0643BBA9C
73,ADF8FAF6761E5D58
74,DD83513D81AEC074
75,31813C73D7D66C01
76,F02BE782246B044A
77,3C001F6A1BD73C0F
78,640A3282E8C6F7A8
79,E41DF441277A1523
80,2F206D6E2A3ECD1D
81,A5EF8D3DA8E6A778
82,3967497ACE7B5B74
83,D22E4D4A46378B64
84,690C0E161932CDC1
85,3FD2C5E43726D2BB
86,73F9215B1338EEA3
87,879ED7E2662C3A74
88,9D7957441647BFA7
89,751A7990198C1DFC
90,09F9AE8474A09312
91,835774DF1D1E356F
92,2F88B7D63649CB5B
93,C0AB7107C5589779
94,AA5216C5A5F004E8
95,6E04C331AB86048A
96,FA2FE8ECDF7112CA
97,16A7286F95EC4555
98,CE8D142B48B69019
99,475D8CCC2A5028E0
100,2B63E7DBF0A5DD0E
101,4D52D153DEE51C3B
102,B52BAD95913970F4
103,E4BBB3E779BF3036
104,F5E38878C8A8C127
105,01381F0B7B50ABB1
106,583498B6B96A590D
107,9FFB726A729D1B64
108,86A483DCDC182D10
109,F607F8E6F16FE977
110,EB577754959BD533
111,936621295649492C
112,D4F3FAADC41843F5
113,BAD023D666D4F955
114,79904494AD853AE3
115,70F4EB7679167CF7
116,56EA7664A5C5A617
117,EB3C554048D935FC
118,C3004E0DF53F57C2
119,7CBE8FF091CD05E3
120,A3451B7E9CEA17AC
121,774D47A0FE0C9032
122,EC12C764696AFA03
123,13F9495C4E35F75E
124,BC689EC7CB6AC196
125,979FC17349E2BFBC
126,7847C75612AC1866
127,FE93508F1D40C1BC
128,5D7FCA2CC2A3AF3B
129,E604B9B15D421F12
130,5BCEC46E772C3311
131,28A521172E8581BA
132,B993D62372277C89
133,B3120366526BDA4A
134,F5160CF008BE37BE
135,D1ED29E8B661739E
136,62B2055DC3641DA7
137,0791B71183F1D9D6
138,0A130551B3E83774
139,28615C8A54DF3C68
140,5E89358CACFB8889
141,A622EB462D7A173C
142,FFD1D4B846B3E6AA
143,312A2B90205D3D50
144,E4FDBA7B8BA027B2
145,4EA852EEF6E22085
146,A3DCC9B26FEDE0BF
147,9C8D7D1984DBB4A6
148,FBE5B5351C39B415
149,DE777470B29BF821
150,B15D5992F41E2BB5
151,354620494B44C334
152,3932A92E5406FAC2
153,3A83FB1122B88B95
154,2588739680BED066
155,D575A34E63C47C05
156,13A00C723EE4B7F4
157,9CC6D05C4BDFF935
158,DA265DA2DC46C6F8
159,41721993C6A2FDEB
160,A02220015DBC05D2
161,4EBB874A993FA158
162,55E471CCF6209E28
163,DCA4837335EE936B
164,3122F25A0525163E
165,D4BD1287776F780B
166,31122855BC1C3DBB
167,AA534DF9203EA3FA
168,4F9D058EE320FC35
169,1F0D8A7387FD10DA
170,FDDD493E06F07347
171,C36AB2D1089833E4
172,4C7386CABBDD5489
173,41F7F9339C359889
174,85C7711AF0A1B3F2
175,7236745AD35E4999
176,5E18BDD6B4AED2D1
177,D26F3810751C8458
178,04850F5CAF285907
179,2BFFFC733588C7D4
180,6C9858986E2130E6
181,7FD72E38B127A7C6
182,93599DE8418DA9E4
183,FF279294B90EB574
184,AE578352BDE64A88
185,9EB388A10EF519AD
186,6E87EA4137A5ECD5
187,DBE7B9E644A42801
188,D5529289A3ACA308
189,328E3F29ABCC7D8C
190,16B4491914318671
191,B9AA70FFBE161160
192,89EC2787EFE7E71F
193,E3BCF2663881824F
194,4CA5BA7918BD76A4
195,E540C43CAA3ACDC1
196,B7B2706EC81C39CB
197,7FA61065C79967AD
198,C26DCDAEA6D752DE
199,FC7282303E22721D
200,FE79734B7CAEBABE
201,5D06E346035E7901
202,1ED752931C9B5B7B
203,2F5DA0AE0B703A67
204,DED9DE0F1F369B4D
205,0EED7378B9559249
206,FFA4DFF3E110FBAA
207,BB6148B33CC4ACEF
208,A80DE76EAA5C2B3C
209,AE6FEFC4A0CBC590
210,00CB495FD214324A
211,108285A05ECA212A
212,C48682084240E2CC
213,31145A95D657DFB6
214,FE739F9F76BBC96B
215,9A76F7A476AF8119
216,7D3EF57F14ABE808
217,1CAA41C5954A84E5
218,66F31DB5CFC7F557
219,0D3198772D811273
220,6580FA43E6A36749
221,F48B6E5311A1162F
222,5FC60092C72B2B24
223,BA50A199C723A2B3
224,37B25FF6B28E0523
225,4A9E9ADDC5F2ACA0
226,F7BBAEADB9424ADD
227,7FB1802114A715DB
228,513789996AB14574
229,7E817A2A9226F281
230,DCEA666DBBF76112
231,59F049CA4A7D7A6A
232,AADBDD0F3D9834DE
233,5FEE49AC992F7178
234,F15527DDA42B221F
235,BE7CA03C9D3C47FF
236,C2D6073232808025
237,D4781E1605AB319C
238,4CD09B7F9D6199BE
239,E64A81B92E228075
240,0443C291080F93EB
241,7E5359E41E8C0E91
242,8A6A006218C8F42B
243,BF51B3FEAF1FFBE2
244,E9A44C75E4C01608
245,C10FF356EF48F46B
246,4932C75B9DA89C70
247,095BBCCBA433BFF6
248,F4F13110BDB8B2C0
249,72278A0AFF2CC79B
250,9CB34FE2979D3353
251,DE915A2EDC6756AF
252,2530EA6FEAB9C974
253,7570BFB0D9223DBC
254,E389A3805CA22D79
255,FFB9C8F06A8421FC
256,BEDACC35A4D13CEF
257,251C782897F29E43
258,4A34FB7B6732B72C
259,32B84F6958ADDF48
260,DC70ED931879980F
261,4636BA80D61CB887
262,FA79AAFDC5026A82
263,92626E0F164335A7
264,84CA764F18923FFC
265,8D2A42A69AF61B77
266,C82E8BD85C350971
267,F8A3CFCD8625A0DF
268,BEF371A0B30C9E08
269,D72C62A145E73EC0
270,31D75F68EFFA66BF
271,F6885E8A6CA647F0
272,F1674ED44C09CD22
273,85630A07F0F2F2E3
274,F14FA82138422CD5
275,3ED146F4313A13BA
276,9A34449B72D6BEE2
277,65296F22E4F1F9B5
278,12798D4CEB9962D3
279,ED91FA65F217DCE7
280,370E1EF7FC52DCF0
281,E2854B65A38B8E84
282,E9E982EAD0A78703
283,C927AF911351656E
284,E336C43B5193D9E9
285,BDB912A2CA5BF8E9
286,60693038F7A1D73B
287,4E52AF80728FB25A
288,318FBB9E6AA9060D
289,58CE17B9C84C7F18
290,D6F088A95C21CEC3
291,63452C56CC789196
292,40362E0E06B211B5
293,1837D780374F6B6D
294,F9D0017FF1D12F8D
295,1F62A36D2E7DF60B
296,3B39DD02F535838A
297,A66E0126A32B0312
298,B30E004B19ED0A64
299,91540296B8044E83
300,DF9444314189FD30
301,787A3F6AEE063A2A
302,28CF5B9683C51EFE
303,F05195F2043F9FEE
304,47E272B1A3C4862D
305,555017E70006A7AB
306,3E4C794DAF6824EE
307,884231997CAAAEFF
308,C5F2BB2466735726
309,BC94426C9879E211
310,6C804A00ABA2CE13
311,689A4581AB1BB16D
312,2EB7C8A6FDA66F63
313,92BC8BE5320E730A
314,4824880A6CDDD2A3
315,5B4017F318CDDBBB
316,EB42F8B1FE4C2F07
317,88F513DB16369792
318,DC4FEB0887929E0A
319,83CE86B19193EDCC
320,5F7D7DB48D3A78C7
321,E07C195216E0E5FD
322,CF3BCF942E3C62DE
323,43328F851B429905
324,C960AF4F616A982B
325,102ED249AE5084E7
326,692BBAD347B808E8
327,ED29C17AF97ED110
328,72EB2B2688F70F86
329,64CC2B7A758DE506
330,6195C3A2687AEED2
331,67AA8F9C5FD6AD3B
332,7ED625A95738A754
333,239DAD512CFE4F7E
334,21A7B81943DE3C93
335,9D182C5473A99E6C
336,0E6CF00C3C91DF81
337,344136D6E41EE201
338,1D5A3116B7FE14B2
339,C1D72559C3FBDA83
340,D796846803293A96
341,13EDEC0A7C7D7FE5
342,4C55189951585678
343,3DA491D8293396BB
344,E2D754D958742EF1
345,B05B437A795F7AA0
346,36A54FEDD27A2D55
347,372D1B680EA8C271
348,ADC70F372B21FD88
349,B88A0A198A01F513
350,675ED6A7F9C719A6
351,A4BC57DA3E44CDF0
352,56AD41189B0ACA0C
353,E5E400A7DD8AF499
354,7EB2746E6DBE69FF
355,20B2630FABB4640B
356,62964EF95E477B57
357,C590E0D7D4586FB7
358,0191E193CE116ECD
359,980ED2351CED867F
360,0CFCC9741C49CEBB
361,FA19862D10ECB8B7
362,6717C645AC892503
363,DC6180F872A4F11B
364,B56AAB280EA61982
365,BA45AA4BA24868CB
366,C20B0FBA6BDC72E7
367,DCBD2380435129D4
368,22D67740AB501395
369,95D7906CD904DD95
370,E683EE9BC066AD3C
371,685509730F26FC2B
372,AC11A425A567A2DF
373,5991AB89CDA9F9D6
374,783D71775CC991B4
375,94DADE835DF70C70
376,B6812CD47A327D1F
377,9BDDA01B4EEEA22A
378,238D4DAC7E6B261C
379,E848AA5506C0C6F4
380,4CEC8D172E13D67A
381,6545349D5E74A6FC
382,C9CC5F8C9C4B96E0
383,76AC321DDF6B852A
384,3C69B317FFAD79F9
385,A4F484BB28870C03
386,33EE014A487D1808
387,58EA59FF438CD4AA
388,CE815A4E65488CE4
389,07BB2A5E7ED67E6F
390,5C44321F8A829FC3
391,5AA884D0DD884902
392,B3183CB1E5A0D409
393,85D0CC1FC8F2E4FD
394,B81B0424C77F139F
395,07CC88D6048EDB77
396,E58ADFC62358ECD8
397,4DA485D2CB124D29
398,41A962E1728319EC
399,3F5A88DC90719DEE
400,B7BA45EF1746F2E2
401,3D51B95EC7BCE04D
402,A5D794BB41FA29FA
403,9CD49CB3D5B588E0
404,32FFDADA0AF89CEA
405,0348DD67AF636765
406,EC21098B64D554A8
407,B7A1540863C34865
408,06BE41532A706587
409,3581DEE07C14DE67
410,15607DC52C6E9E35
411,DB0B7A04A371FD97
412,C46BFAEB4731A4FA
413,FFE7FA43C1C0263A
414,807C458595F03ACE
415,C72DC7AD5CDEAE57
416,750D54C0D93C911C
417,21379257AA9766AD
418,E384EFD3AB40B5A9
419,608785DF5D9A1D36
420,6532797BF5AC034F
421,A6E5A71512FD8BA6
422,2A33AC19FCC00EFD
423,F8AF91C4BD03136C
424,306D9B6DF4751811
425,431CFDC755ED98E0
426,4030279067CE6D81
427,F9D5F7335BC2BAE1
428,87322D876942D3DE
429,2E0D697D1E197DA6
430,5FB227F3C76D7746
431,D2A13DFC0AEC0FD1
432,11F2F7FB7098CFA6
433,FFFD6FB226E917C6
434,105D9513DFA37CB9
435,83A4F193A0C61517
436,F59B6313759C8708
437,ACE6337436582EEB
438,5B8D67DCECEBAA41
439,E8FD5305E995F63C
440,BB62003ED1318743
441,CD481BC523D92F4F
442,E4C09A8F6CC9F803
443,9DF419E08D3A7CA5
444,D511EFC249F849D3
445,584A8AED9159C6B1
446,7A7F9993F6FA524F
447,6C6370CC5F82AFB3
448,2F47226C4845A6B3
449,1F1D8845C9154641
450,F7C42284D4E08518
451,16F38463544F5C5A
452,A2FC2471C313F8E5
453,B0A7BFE603C1FE08
454,718E634A56DA5F20
455,5B95F1CC55C8F1CB
456,EB55FCC31E7DB5EB
457,5BFF074FA44CAE7B
458,E1C380B87CCAF86B
459,9696DFB5998B63D3
460,9C29580CD02CE6A4
461,F5B0EE156AADFFB9
462,CC122C99F65DC4A7
463,B013CB5E096E1F7D
464,5EA3B55788966E01
465,920986C16293659D
466,99D09A20BF3FFEF7
467,065F4FA2FB985A7C
468,9A6FC19A454F3F2F
469,9BB37FF60A610F16
470,8273A18CEE629347
471,0103A0D8DB64F78F
472,B99AEE7566B5D288
473,DE792E36C4014D25
474,4D7ABAC5535A2E8A
475,CB3D28C65111EE0D
476,FAB683935685545F
477,BECCB21CE39CF09C
478,4C8D082F2017E7AD
479,BF777FA7AD472350
480,3E2786AB1919968D
481,DF61E8CBA4653162
482,89DB0CB0E31628F2
483,404AC385983F36F6
484,873C32CD30423D04
485,133C3F422E0199B3
486,09D34D1FE1F93265
487,01E3EDD2FD20C091
488,77AEAC49EF503529
489,3EA7B6750CECE0AD
490,2F465FDD923057A8
491,332161582F2DFFE9
492,2F4B9D7721E18289
493,0D0CDF80DBC5DC20
494,F710FBE2C60637F9
495,E0387E4D2CE37E51
496,68FE7B5BF5E6AE81
497,364487D95804B9B7
498,40B4186185E24D09
499,35389BD45BC4416C
500,E05FC76B9DA00313
501,CFB252AA209D28CE
502,0D474CCFEE7170CB
503,C73791ED17FBD875
504,D80BFBD8FD503EC6
505,5DEBA29F7E7BFE2B
506,5AB717EEF2B4FDCA
507,E7BE6B8D3CF8034B
508,7E87D1534286BFB8
509,265AC3AEDFF49BD0
510,6D14802E91E93CD4
511,DBB4999C9E1FC899
512,E872F355582CB270
